"StichtagDatJahr","QuarSort","QuarCd","QuarLang","DatenstandCd","AnzBestWir","AnzNat"
1993,11,"011","Rathaus","V",3133,66
1993,12,"012","Hochschulen","V",808,32
1993,13,"013","Lindenhof","V",1136,32
1993,14,"014","City","V",884,36
1993,21,"021","Wollishofen","V",15927,83
1993,23,"023","Leimbach","V",4555,54
1993,24,"024","Enge","V",8125,73
1993,31,"031","Alt-Wiedikon","V",14637,97
1993,33,"033","Friesenberg","V",10167,77
1993,34,"034","Sihlfeld","V",21536,99
1993,41,"041","Werd","V",4048,68
1993,42,"042","Langstrasse","V",11505,94
1993,44,"044","Hard","V",12747,81
1993,51,"051","Gewerbeschule","V",9948,95
1993,52,"052","Escher Wyss","V",1547,42
1993,61,"061","Unterstrass","V",20425,97
1993,63,"063","Oberstrass","V",10154,87
1993,71,"071","Fluntern","V",7188,68
1993,72,"072","Hottingen","V",10139,83
1993,73,"073","Hirslanden","V",6835,69
1993,74,"074","Witikon","V",9626,74
1993,81,"081","Seefeld","V",5283,78
1993,82,"082","Mühlebach","V",5694,80
1993,83,"083","Weinegg","V",4856,70
1993,91,"091","Albisrieden","V",17132,80
1993,92,"092","Altstetten","V",27871,100
1993,101,"101","Höngg","V",19118,85
1993,102,"102","Wipkingen","V",15974,97
1993,111,"111","Affoltern","V",18095,85
1993,115,"115","Oerlikon","V",16710,93
1993,119,"119","Seebach","V",17614,92
1993,121,"121","Saatlen","V",6472,60
1993,122,"122","Schwamendingen-Mitte","V",10175,75
1993,123,"123","Hirzenbach","V",10834,82
1994,11,"011","Rathaus","V",3089,67
1994,12,"012","Hochschulen","V",806,34
1994,13,"013","Lindenhof","V",1087,35
1994,14,"014","City","V",845,38
1994,21,"021","Wollishofen","V",15902,85
1994,23,"023","Leimbach","V",4598,60
1994,24,"024","Enge","V",8122,81
1994,31,"031","Alt-Wiedikon","V",14803,98
1994,33,"033","Friesenberg","V",10213,80
1994,34,"034","Sihlfeld","V",21569,107
1994,41,"041","Werd","V",4125,67
1994,42,"042","Langstrasse","V",11183,96
1994,44,"044","Hard","V",12816,85
1994,51,"051","Gewerbeschule","V",9773,91
1994,52,"052","Escher Wyss","V",1596,44
1994,61,"061","Unterstrass","V",20477,100
1994,63,"063","Oberstrass","V",10266,85
1994,71,"071","Fluntern","V",7085,73
1994,72,"072","Hottingen","V",10229,90
1994,73,"073","Hirslanden","V",6750,70
1994,74,"074","Witikon","V",9661,75
1994,81,"081","Seefeld","V",5304,81
1994,82,"082","Mühlebach","V",5611,81
1994,83,"083","Weinegg","V",4883,69
1994,91,"091","Albisrieden","V",17058,82
1994,92,"092","Altstetten","V",27717,103
1994,101,"101","Höngg","V",19184,92
1994,102,"102","Wipkingen","V",16057,95
1994,111,"111","Affoltern","V",18061,87
1994,115,"115","Oerlikon","V",16771,99
1994,119,"119","Seebach","V",17642,95
1994,121,"121","Saatlen","V",6430,63
1994,122,"122","Schwamendingen-Mitte","V",10240,81
1994,123,"123","Hirzenbach","V",10895,81
1995,11,"011","Rathaus","V",3049,64
1995,12,"012","Hochschulen","V",782,40
1995,13,"013","Lindenhof","V",1096,36
1995,14,"014","City","V",1007,44
1995,21,"021","Wollishofen","V",15918,87
1995,23,"023","Leimbach","V",4647,62
1995,24,"024","Enge","V",8174,82
1995,31,"031","Alt-Wiedikon","V",14719,97
1995,33,"033","Friesenberg","V",10155,79
1995,34,"034","Sihlfeld","V",21453,109
1995,41,"041","Werd","V",4005,65
1995,42,"042","Langstrasse","V",10952,100
1995,44,"044","Hard","V",12872,87
1995,51,"051","Gewerbeschule","V",9811,93
1995,52,"052","Escher Wyss","V",1649,46
1995,61,"061","Unterstrass","V",20356,102
1995,63,"063","Oberstrass","V",10121,88
1995,71,"071","Fluntern","V",7151,77
1995,72,"072","Hottingen","V",10234,84
1995,73,"073","Hirslanden","V",6654,73
1995,74,"074","Witikon","V",9732,80
1995,81,"081","Seefeld","V",5281,80
1995,82,"082","Mühlebach","V",5611,81
1995,83,"083","Weinegg","V",4871,71
1995,91,"091","Albisrieden","V",16843,86
1995,92,"092","Altstetten","V",27788,110
1995,101,"101","Höngg","V",19243,88
1995,102,"102","Wipkingen","V",16080,99
1995,111,"111","Affoltern","V",18154,91
1995,115,"115","Oerlikon","V",17033,98
1995,119,"119","Seebach","V",17700,99
1995,121,"121","Saatlen","V",6442,71
1995,122,"122","Schwamendingen-Mitte","V",10248,84
1995,123,"123","Hirzenbach","V",10995,84
1996,11,"011","Rathaus","V",3078,72
1996,12,"012","Hochschulen","V",753,38
1996,13,"013","Lindenhof","V",1044,35
1996,14,"014","City","V",981,43
1996,21,"021","Wollishofen","V",15844,87
1996,23,"023","Leimbach","V",4553,61
1996,24,"024","Enge","V",8155,81
1996,31,"031","Alt-Wiedikon","V",14869,101
1996,33,"033","Friesenberg","V",9993,76
1996,34,"034","Sihlfeld","V",21233,112
1996,41,"041","Werd","V",3979,71
1996,42,"042","Langstrasse","V",10718,98
1996,44,"044","Hard","V",12937,88
1996,51,"051","Gewerbeschule","V",9700,97
1996,52,"052","Escher Wyss","V",1641,43
1996,61,"061","Unterstrass","V",20318,103
1996,63,"063","Oberstrass","V",10110,91
1996,71,"071","Fluntern","V",7178,79
1996,72,"072","Hottingen","V",10348,86
1996,73,"073","Hirslanden","V",6703,71
1996,74,"074","Witikon","V",9647,78
1996,81,"081","Seefeld","V",5226,84
1996,82,"082","Mühlebach","V",5566,74
1996,83,"083","Weinegg","V",4900,69
1996,91,"091","Albisrieden","V",16705,93
1996,92,"092","Altstetten","V",27660,114
1996,101,"101","Höngg","V",19604,92
1996,102,"102","Wipkingen","V",16131,101
1996,111,"111","Affoltern","V",18122,89
1996,115,"115","Oerlikon","V",16813,107
1996,119,"119","Seebach","V",17624,102
1996,121,"121","Saatlen","V",6384,66
1996,122,"122","Schwamendingen-Mitte","V",10141,84
1996,123,"123","Hirzenbach","V",10990,91
1997,11,"011","Rathaus","V",3083,66
1997,12,"012","Hochschulen","V",762,42
1997,13,"013","Lindenhof","V",1025,34
1997,14,"014","City","V",996,42
1997,21,"021","Wollishofen","V",15820,96
1997,23,"023","Leimbach","V",4484,63
1997,24,"024","Enge","V",8164,79
1997,31,"031","Alt-Wiedikon","V",15000,106
1997,33,"033","Friesenberg","V",9991,80
1997,34,"034","Sihlfeld","V",21132,111
1997,41,"041","Werd","V",3928,76
1997,42,"042","Langstrasse","V",10480,99
1997,44,"044","Hard","V",12884,90
1997,51,"051","Gewerbeschule","V",9525,98
1997,52,"052","Escher Wyss","V",1622,51
1997,61,"061","Unterstrass","V",20281,105
1997,63,"063","Oberstrass","V",9994,88
1997,71,"071","Fluntern","V",7191,82
1997,72,"072","Hottingen","V",10326,88
1997,73,"073","Hirslanden","V",6659,79
1997,74,"074","Witikon","V",9577,80
1997,81,"081","Seefeld","V",5155,82
1997,82,"082","Mühlebach","V",5474,78
1997,83,"083","Weinegg","V",4799,67
1997,91,"091","Albisrieden","V",16630,92
1997,92,"092","Altstetten","V",27663,112
1997,101,"101","Höngg","V",19793,96
1997,102,"102","Wipkingen","V",15817,105
1997,111,"111","Affoltern","V",18177,96
1997,115,"115","Oerlikon","V",16765,106
1997,119,"119","Seebach","V",17719,103
1997,121,"121","Saatlen","V",6428,71
1997,122,"122","Schwamendingen-Mitte","V",10237,91
1997,123,"123","Hirzenbach","V",11013,90
1998,11,"011","Rathaus","V",3050,66
1998,12,"012","Hochschulen","V",792,47
1998,13,"013","Lindenhof","V",995,39
1998,14,"014","City","V",1030,48
1998,21,"021","Wollishofen","V",15826,94
1998,23,"023","Leimbach","V",4619,70
1998,24,"024","Enge","V",8150,85
1998,31,"031","Alt-Wiedikon","V",14975,108
1998,33,"033","Friesenberg","V",10029,77
1998,34,"034","Sihlfeld","V",21018,119
1998,41,"041","Werd","V",3913,75
1998,42,"042","Langstrasse","V",10399,98
1998,44,"044","Hard","V",12871,97
1998,51,"051","Gewerbeschule","V",9464,102
1998,52,"052","Escher Wyss","V",1579,47
1998,61,"061","Unterstrass","V",20266,100
1998,63,"063","Oberstrass","V",9907,85
1998,71,"071","Fluntern","V",7272,79
1998,72,"072","Hottingen","V",10240,85
1998,73,"073","Hirslanden","V",6702,74
1998,74,"074","Witikon","V",9553,79
1998,81,"081","Seefeld","V",5087,81
1998,82,"082","Mühlebach","V",5461,81
1998,83,"083","Weinegg","V",4816,68
1998,91,"091","Albisrieden","V",16548,98
1998,92,"092","Altstetten","V",27656,110
1998,101,"101","Höngg","V",20054,95
1998,102,"102","Wipkingen","V",15643,112
1998,111,"111","Affoltern","V",18469,101
1998,115,"115","Oerlikon","V",17026,110
1998,119,"119","Seebach","V",17906,104
1998,121,"121","Saatlen","V",6568,68
1998,122,"122","Schwamendingen-Mitte","V",10174,95
1998,123,"123","Hirzenbach","V",11015,87
1999,11,"011","Rathaus","V",3104,72
1999,12,"012","Hochschulen","V",769,46
1999,13,"013","Lindenhof","V",1032,30
1999,14,"014","City","V",967,46
1999,21,"021","Wollishofen","V",15896,95
1999,23,"023","Leimbach","V",4650,70
1999,24,"024","Enge","V",8134,84
1999,31,"031","Alt-Wiedikon","V",14889,107
1999,33,"033","Friesenberg","V",10013,83
1999,34,"034","Sihlfeld","V",20997,117
1999,41,"041","Werd","V",3966,77
1999,42,"042","Langstrasse","V",10370,98
1999,44,"044","Hard","V",12951,102
1999,51,"051","Gewerbeschule","V",9594,103
1999,52,"052","Escher Wyss","V",1953,50
1999,61,"061","Unterstrass","V",20083,106
1999,63,"063","Oberstrass","V",9897,94
1999,71,"071","Fluntern","V",7298,90
1999,72,"072","Hottingen","V",10307,88
1999,73,"073","Hirslanden","V",6837,70
1999,74,"074","Witikon","V",9554,79
1999,81,"081","Seefeld","V",4969,73
1999,82,"082","Mühlebach","V",5527,80
1999,83,"083","Weinegg","V",4800,73
1999,91,"091","Albisrieden","V",16341,104
1999,92,"092","Altstetten","V",27928,112
1999,101,"101","Höngg","V",20559,106
1999,102,"102","Wipkingen","V",15531,112
1999,111,"111","Affoltern","V",18468,107
1999,115,"115","Oerlikon","V",17368,114
1999,119,"119","Seebach","V",17889,108
1999,121,"121","Saatlen","V",6554,78
1999,122,"122","Schwamendingen-Mitte","V",10390,99
1999,123,"123","Hirzenbach","V",11119,91
2000,11,"011","Rathaus","V",3109,69
2000,12,"012","Hochschulen","V",759,48
2000,13,"013","Lindenhof","V",989,35
2000,14,"014","City","V",929,51
2000,21,"021","Wollishofen","V",16102,96
2000,23,"023","Leimbach","V",4644,77
2000,24,"024","Enge","V",8189,84
2000,31,"031","Alt-Wiedikon","V",14789,105
2000,33,"033","Friesenberg","V",9972,85
2000,34,"034","Sihlfeld","V",20887,122
2000,41,"041","Werd","V",3917,85
2000,42,"042","Langstrasse","V",10237,109
2000,44,"044","Hard","V",12875,100
2000,51,"051","Gewerbeschule","V",9824,107
2000,52,"052","Escher Wyss","V",1929,54
2000,61,"061","Unterstrass","V",19933,109
2000,63,"063","Oberstrass","V",9864,94
2000,71,"071","Fluntern","V",7267,81
2000,72,"072","Hottingen","V",10147,88
2000,73,"073","Hirslanden","V",6759,72
2000,74,"074","Witikon","V",9544,82
2000,81,"081","Seefeld","V",4989,79
2000,82,"082","Mühlebach","V",5545,81
2000,83,"083","Weinegg","V",4804,73
2000,91,"091","Albisrieden","V",16445,106
2000,92,"092","Altstetten","V",28174,117
2000,101,"101","Höngg","V",20423,102
2000,102,"102","Wipkingen","V",15704,111
2000,111,"111","Affoltern","V",18387,103
2000,115,"115","Oerlikon","V",17876,117
2000,119,"119","Seebach","V",17870,110
2000,121,"121","Saatlen","V",6338,78
2000,122,"122","Schwamendingen-Mitte","V",10479,100
2000,123,"123","Hirzenbach","V",11281,96
2001,11,"011","Rathaus","V",3103,71
2001,12,"012","Hochschulen","V",738,50
2001,13,"013","Lindenhof","V",948,36
2001,14,"014","City","V",907,47
2001,21,"021","Wollishofen","V",15928,98
2001,23,"023","Leimbach","V",4668,72
2001,24,"024","Enge","V",8102,84
2001,31,"031","Alt-Wiedikon","V",14692,106
2001,33,"033","Friesenberg","V",10042,87
2001,34,"034","Sihlfeld","V",20704,121
2001,41,"041","Werd","V",3838,84
2001,42,"042","Langstrasse","V",10276,104
2001,44,"044","Hard","V",12841,102
2001,51,"051","Gewerbeschule","V",9835,109
2001,52,"052","Escher Wyss","V",2133,57
2001,61,"061","Unterstrass","V",19831,114
2001,63,"063","Oberstrass","V",9764,94
2001,71,"071","Fluntern","V",7221,81
2001,72,"072","Hottingen","V",10096,90
2001,73,"073","Hirslanden","V",6800,72
2001,74,"074","Witikon","V",9559,82
2001,81,"081","Seefeld","V",5025,79
2001,82,"082","Mühlebach","V",5486,77
2001,83,"083","Weinegg","V",4816,77
2001,91,"091","Albisrieden","V",16614,109
2001,92,"092","Altstetten","V",28783,117
2001,101,"101","Höngg","V",20588,112
2001,102,"102","Wipkingen","V",15567,110
2001,111,"111","Affoltern","V",18693,104
2001,115,"115","Oerlikon","V",18223,121
2001,119,"119","Seebach","V",18103,113
2001,121,"121","Saatlen","V",6386,73
2001,122,"122","Schwamendingen-Mitte","V",10430,98
2001,123,"123","Hirzenbach","V",11302,100
2002,11,"011","Rathaus","V",3128,71
2002,12,"012","Hochschulen","V",727,44
2002,13,"013","Lindenhof","V",950,33
2002,14,"014","City","V",910,45
2002,21,"021","Wollishofen","V",15771,102
2002,23,"023","Leimbach","V",4681,73
2002,24,"024","Enge","V",8279,86
2002,31,"031","Alt-Wiedikon","V",14811,102
2002,33,"033","Friesenberg","V",10188,88
2002,34,"034","Sihlfeld","V",20731,122
2002,41,"041","Werd","V",3850,84
2002,42,"042","Langstrasse","V",10447,108
2002,44,"044","Hard","V",12856,104
2002,51,"051","Gewerbeschule","V",9900,106
2002,52,"052","Escher Wyss","V",2516,58
2002,61,"061","Unterstrass","V",19863,112
2002,63,"063","Oberstrass","V",9725,93
2002,71,"071","Fluntern","V",7069,77
2002,72,"072","Hottingen","V",10021,94
2002,73,"073","Hirslanden","V",6781,76
2002,74,"074","Witikon","V",9571,85
2002,81,"081","Seefeld","V",5122,99
2002,82,"082","Mühlebach","V",5450,80
2002,83,"083","Weinegg","V",4776,76
2002,91,"091","Albisrieden","V",16669,110
2002,92,"092","Altstetten","V",28776,118
2002,101,"101","Höngg","V",20570,111
2002,102,"102","Wipkingen","V",15495,114
2002,111,"111","Affoltern","V",18705,113
2002,115,"115","Oerlikon","V",18778,117
2002,119,"119","Seebach","V",18972,120
2002,121,"121","Saatlen","V",6663,75
2002,122,"122","Schwamendingen-Mitte","V",10373,102
2002,123,"123","Hirzenbach","V",11434,101
2003,11,"011","Rathaus","V",3149,69
2003,12,"012","Hochschulen","V",723,50
2003,13,"013","Lindenhof","V",942,36
2003,14,"014","City","V",886,44
2003,21,"021","Wollishofen","V",15468,99
2003,23,"023","Leimbach","V",4830,72
2003,24,"024","Enge","V",8228,88
2003,31,"031","Alt-Wiedikon","V",14459,107
2003,33,"033","Friesenberg","V",10387,91
2003,34,"034","Sihlfeld","V",20663,118
2003,41,"041","Werd","V",3788,84
2003,42,"042","Langstrasse","V",10304,112
2003,44,"044","Hard","V",12817,106
2003,51,"051","Gewerbeschule","V",9781,102
2003,52,"052","Escher Wyss","V",2465,59
2003,61,"061","Unterstrass","V",19882,114
2003,63,"063","Oberstrass","V",9689,98
2003,71,"071","Fluntern","V",7102,78
2003,72,"072","Hottingen","V",10017,92
2003,73,"073","Hirslanden","V",6795,76
2003,74,"074","Witikon","V",9503,86
2003,81,"081","Seefeld","V",4996,84
2003,82,"082","Mühlebach","V",5434,80
2003,83,"083","Weinegg","V",4747,74
2003,91,"091","Albisrieden","V",17018,110
2003,92,"092","Altstetten","V",28323,125
2003,101,"101","Höngg","V",20810,113
2003,102,"102","Wipkingen","V",15476,114
2003,111,"111","Affoltern","V",18787,115
2003,115,"115","Oerlikon","V",19217,121
2003,119,"119","Seebach","V",19438,120
2003,121,"121","Saatlen","V",6583,76
2003,122,"122","Schwamendingen-Mitte","V",10389,104
2003,123,"123","Hirzenbach","V",11432,101
2004,11,"011","Rathaus","V",3115,75
2004,12,"012","Hochschulen","V",725,53
2004,13,"013","Lindenhof","V",947,42
2004,14,"014","City","V",843,42
2004,21,"021","Wollishofen","V",15499,99
2004,23,"023","Leimbach","V",4778,71
2004,24,"024","Enge","V",8209,82
2004,31,"031","Alt-Wiedikon","V",14551,110
2004,33,"033","Friesenberg","V",10326,90
2004,34,"034","Sihlfeld","V",20567,117
2004,41,"041","Werd","V",3763,81
2004,42,"042","Langstrasse","V",10319,108
2004,44,"044","Hard","V",12804,108
2004,51,"051","Gewerbeschule","V",9773,107
2004,52,"052","Escher Wyss","V",2624,62
2004,61,"061","Unterstrass","V",19742,119
2004,63,"063","Oberstrass","V",9546,98
2004,71,"071","Fluntern","V",7285,82
2004,72,"072","Hottingen","V",9926,89
2004,73,"073","Hirslanden","V",6806,76
2004,74,"074","Witikon","V",9711,91
2004,81,"081","Seefeld","V",4993,82
2004,82,"082","Mühlebach","V",5546,86
2004,83,"083","Weinegg","V",4771,71
2004,91,"091","Albisrieden","V",17087,107
2004,92,"092","Altstetten","V",28368,124
2004,101,"101","Höngg","V",20856,113
2004,102,"102","Wipkingen","V",15428,114
2004,111,"111","Affoltern","V",18886,117
2004,115,"115","Oerlikon","V",19375,126
2004,119,"119","Seebach","V",19501,120
2004,121,"121","Saatlen","V",6697,79
2004,122,"122","Schwamendingen-Mitte","V",10274,99
2004,123,"123","Hirzenbach","V",11336,103
2005,11,"011","Rathaus","V",3081,79
2005,12,"012","Hochschulen","V",695,46
2005,13,"013","Lindenhof","V",950,36
2005,14,"014","City","V",846,45
2005,21,"021","Wollishofen","V",15592,97
2005,23,"023","Leimbach","V",4867,75
2005,24,"024","Enge","V",8375,86
2005,31,"031","Alt-Wiedikon","V",14971,109
2005,33,"033","Friesenberg","V",10360,92
2005,34,"034","Sihlfeld","V",20554,121
2005,41,"041","Werd","V",3878,80
2005,42,"042","Langstrasse","V",10368,112
2005,44,"044","Hard","V",12715,105
2005,51,"051","Gewerbeschule","V",9690,108
2005,52,"052","Escher Wyss","V",2727,67
2005,61,"061","Unterstrass","V",19921,116
2005,63,"063","Oberstrass","V",9494,93
2005,71,"071","Fluntern","V",7325,78
2005,72,"072","Hottingen","V",10100,90
2005,73,"073","Hirslanden","V",6859,75
2005,74,"074","Witikon","V",9864,91
2005,81,"081","Seefeld","V",4923,84
2005,82,"082","Mühlebach","V",5577,89
2005,83,"083","Weinegg","V",4843,73
2005,91,"091","Albisrieden","V",17226,110
2005,92,"092","Altstetten","V",28278,121
2005,101,"101","Höngg","V",20773,111
2005,102,"102","Wipkingen","V",15446,117
2005,111,"111","Affoltern","V",18733,106
2005,115,"115","Oerlikon","V",19663,121
2005,119,"119","Seebach","V",19879,125
2005,121,"121","Saatlen","V",6649,83
2005,122,"122","Schwamendingen-Mitte","V",10322,100
2005,123,"123","Hirzenbach","V",11265,98
2006,11,"011","Rathaus","V",3097,79
2006,12,"012","Hochschulen","V",711,46
2006,13,"013","Lindenhof","V",955,40
2006,14,"014","City","V",845,42
2006,21,"021","Wollishofen","V",15587,99
2006,23,"023","Leimbach","V",4944,76
2006,24,"024","Enge","V",8367,84
2006,31,"031","Alt-Wiedikon","V",15231,114
2006,33,"033","Friesenberg","V",10342,91
2006,34,"034","Sihlfeld","V",20314,117
2006,41,"041","Werd","V",3865,84
2006,42,"042","Langstrasse","V",10332,112
2006,44,"044","Hard","V",12508,106
2006,51,"051","Gewerbeschule","V",9735,102
2006,52,"052","Escher Wyss","V",2987,68
2006,61,"061","Unterstrass","V",19959,115
2006,63,"063","Oberstrass","V",9698,94
2006,71,"071","Fluntern","V",7379,77
2006,72,"072","Hottingen","V",10180,88
2006,73,"073","Hirslanden","V",6904,79
2006,74,"074","Witikon","V",9958,88
2006,81,"081","Seefeld","V",4842,83
2006,82,"082","Mühlebach","V",5549,88
2006,83,"083","Weinegg","V",4816,70
2006,91,"091","Albisrieden","V",17275,114
2006,92,"092","Altstetten","V",28868,129
2006,101,"101","Höngg","V",21017,113
2006,102,"102","Wipkingen","V",15392,114
2006,111,"111","Affoltern","V",18793,104
2006,115,"115","Oerlikon","V",20318,123
2006,119,"119","Seebach","V",20757,124
2006,121,"121","Saatlen","V",6695,93
2006,122,"122","Schwamendingen-Mitte","V",10637,105
2006,123,"123","Hirzenbach","V",11205,103
2007,11,"011","Rathaus","V",3079,77
2007,12,"012","Hochschulen","V",698,47
2007,13,"013","Lindenhof","V",954,38
2007,14,"014","City","V",876,43
2007,21,"021","Wollishofen","V",15744,102
2007,23,"023","Leimbach","V",5204,76
2007,24,"024","Enge","V",8473,84
2007,31,"031","Alt-Wiedikon","V",15440,118
2007,33,"033","Friesenberg","V",10296,95
2007,34,"034","Sihlfeld","V",20372,115
2007,41,"041","Werd","V",3944,87
2007,42,"042","Langstrasse","V",10310,110
2007,44,"044","Hard","V",12802,108
2007,51,"051","Gewerbeschule","V",9706,101
2007,52,"052","Escher Wyss","V",3008,68
2007,61,"061","Unterstrass","V",20243,118
2007,63,"063","Oberstrass","V",9960,98
2007,71,"071","Fluntern","V",7455,82
2007,72,"072","Hottingen","V",10284,91
2007,73,"073","Hirslanden","V",6977,80
2007,74,"074","Witikon","V",10127,88
2007,81,"081","Seefeld","V",4920,82
2007,82,"082","Mühlebach","V",5567,93
2007,83,"083","Weinegg","V",4944,79
2007,91,"091","Albisrieden","V",17527,112
2007,92,"092","Altstetten","V",29348,128
2007,101,"101","Höngg","V",21075,108
2007,102,"102","Wipkingen","V",15399,110
2007,111,"111","Affoltern","V",20948,115
2007,115,"115","Oerlikon","V",20754,119
2007,119,"119","Seebach","V",21390,123
2007,121,"121","Saatlen","V",6842,89
2007,122,"122","Schwamendingen-Mitte","V",10806,107
2007,123,"123","Hirzenbach","V",11343,107
2008,11,"011","Rathaus","V",3051,79
2008,12,"012","Hochschulen","V",702,45
2008,13,"013","Lindenhof","V",940,37
2008,14,"014","City","V",843,41
2008,21,"021","Wollishofen","V",15794,105
2008,23,"023","Leimbach","V",5185,78
2008,24,"024","Enge","V",8552,92
2008,31,"031","Alt-Wiedikon","V",15727,115
2008,33,"033","Friesenberg","V",10325,93
2008,34,"034","Sihlfeld","V",20543,115
2008,41,"041","Werd","V",4015,83
2008,42,"042","Langstrasse","V",10455,115
2008,44,"044","Hard","V",12884,106
2008,51,"051","Gewerbeschule","V",9751,103
2008,52,"052","Escher Wyss","V",2971,70
2008,61,"061","Unterstrass","V",20655,116
2008,63,"063","Oberstrass","V",10102,102
2008,71,"071","Fluntern","V",7542,80
2008,72,"072","Hottingen","V",10548,94
2008,73,"073","Hirslanden","V",6967,87
2008,74,"074","Witikon","V",10183,91
2008,81,"081","Seefeld","V",4863,89
2008,82,"082","Mühlebach","V",5491,88
2008,83,"083","Weinegg","V",4961,78
2008,91,"091","Albisrieden","V",17555,107
2008,92,"092","Altstetten","V",29740,121
2008,101,"101","Höngg","V",21186,109
2008,102,"102","Wipkingen","V",15500,111
2008,111,"111","Affoltern","V",22044,118
2008,115,"115","Oerlikon","V",20853,123
2008,119,"119","Seebach","V",21386,124
2008,121,"121","Saatlen","V",6843,90
2008,122,"122","Schwamendingen-Mitte","V",10864,108
2008,123,"123","Hirzenbach","V",11478,105
2009,11,"011","Rathaus","V",3110,79
2009,12,"012","Hochschulen","V",673,47
2009,13,"013","Lindenhof","V",940,38
2009,14,"014","City","V",853,43
2009,21,"021","Wollishofen","V",15854,108
2009,23,"023","Leimbach","V",5287,77
2009,24,"024","Enge","V",8668,92
2009,31,"031","Alt-Wiedikon","V",15504,116
2009,33,"033","Friesenberg","V",11003,107
2009,34,"034","Sihlfeld","V",20464,113
2009,41,"041","Werd","V",4104,83
2009,42,"042","Langstrasse","V",10392,109
2009,44,"044","Hard","V",12902,106
2009,51,"051","Gewerbeschule","V",9717,105
2009,52,"052","Escher Wyss","V",3060,65
2009,61,"061","Unterstrass","V",21080,122
2009,63,"063","Oberstrass","V",10051,100
2009,71,"071","Fluntern","V",7528,81
2009,72,"072","Hottingen","V",10594,97
2009,73,"073","Hirslanden","V",6956,88
2009,74,"074","Witikon","V",10284,98
2009,81,"081","Seefeld","V",4732,78
2009,82,"082","Mühlebach","V",5545,87
2009,83,"083","Weinegg","V",4935,76
2009,91,"091","Albisrieden","V",17675,112
2009,92,"092","Altstetten","V",29845,121
2009,101,"101","Höngg","V",21294,106
2009,102,"102","Wipkingen","V",15645,113
2009,111,"111","Affoltern","V",22383,117
2009,115,"115","Oerlikon","V",20740,124
2009,119,"119","Seebach","V",21489,122
2009,121,"121","Saatlen","V",7132,90
2009,122,"122","Schwamendingen-Mitte","V",10857,109
2009,123,"123","Hirzenbach","V",11610,106
2010,11,"011","Rathaus","V",3099,80
2010,12,"012","Hochschulen","V",678,43
2010,13,"013","Lindenhof","V",951,43
2010,14,"014","City","V",835,44
2010,21,"021","Wollishofen","V",15988,109
2010,23,"023","Leimbach","V",5293,76
2010,24,"024","Enge","V",8597,95
2010,31,"031","Alt-Wiedikon","V",15988,113
2010,33,"033","Friesenberg","V",10596,99
2010,34,"034","Sihlfeld","V",20115,114
2010,41,"041","Werd","V",4167,86
2010,42,"042","Langstrasse","V",10379,111
2010,44,"044","Hard","V",12883,108
2010,51,"051","Gewerbeschule","V",9688,112
2010,52,"052","Escher Wyss","V",3076,66
2010,61,"061","Unterstrass","V",21233,121
2010,63,"063","Oberstrass","V",10231,103
2010,71,"071","Fluntern","V",7637,87
2010,72,"072","Hottingen","V",10570,101
2010,73,"073","Hirslanden","V",6998,85
2010,74,"074","Witikon","V",10242,94
2010,81,"081","Seefeld","V",4840,78
2010,82,"082","Mühlebach","V",5679,85
2010,83,"083","Weinegg","V",4999,84
2010,91,"091","Albisrieden","V",17835,111
2010,92,"092","Altstetten","V",30659,129
2010,101,"101","Höngg","V",21179,105
2010,102,"102","Wipkingen","V",15700,112
2010,111,"111","Affoltern","V",22972,117
2010,115,"115","Oerlikon","V",20787,124
2010,119,"119","Seebach","V",22037,126
2010,121,"121","Saatlen","V",7175,93
2010,122,"122","Schwamendingen-Mitte","V",10903,113
2010,123,"123","Hirzenbach","V",11459,107
2011,11,"011","Rathaus","V",3140,77
2011,12,"012","Hochschulen","V",681,39
2011,13,"013","Lindenhof","V",950,45
2011,14,"014","City","V",779,43
2011,21,"021","Wollishofen","V",16055,110
2011,23,"023","Leimbach","V",5340,81
2011,24,"024","Enge","V",8684,96
2011,31,"031","Alt-Wiedikon","V",16014,115
2011,33,"033","Friesenberg","V",10622,101
2011,34,"034","Sihlfeld","V",20307,117
2011,41,"041","Werd","V",4189,91
2011,42,"042","Langstrasse","V",10520,111
2011,44,"044","Hard","V",12744,112
2011,51,"051","Gewerbeschule","V",9795,111
2011,52,"052","Escher Wyss","V",3129,68
2011,61,"061","Unterstrass","V",21240,122
2011,63,"063","Oberstrass","V",10316,101
2011,71,"071","Fluntern","V",7873,93
2011,72,"072","Hottingen","V",10461,96
2011,73,"073","Hirslanden","V",7024,90
2011,74,"074","Witikon","V",10258,97
2011,81,"081","Seefeld","V",4908,75
2011,82,"082","Mühlebach","V",5651,88
2011,83,"083","Weinegg","V",4942,85
2011,91,"091","Albisrieden","V",18432,118
2011,92,"092","Altstetten","V",31381,131
2011,101,"101","Höngg","V",21323,107
2011,102,"102","Wipkingen","V",15869,114
2011,111,"111","Affoltern","V",24437,123
2011,115,"115","Oerlikon","V",21253,127
2011,119,"119","Seebach","V",22255,131
2011,121,"121","Saatlen","V",7131,95
2011,122,"122","Schwamendingen-Mitte","V",10863,110
2011,123,"123","Hirzenbach","V",11516,110
2012,11,"011","Rathaus","V",3164,79
2012,12,"012","Hochschulen","V",673,44
2012,13,"013","Lindenhof","V",935,42
2012,14,"014","City","V",799,44
2012,21,"021","Wollishofen","V",16029,110
2012,23,"023","Leimbach","V",5354,83
2012,24,"024","Enge","V",8702,100
2012,31,"031","Alt-Wiedikon","V",16109,111
2012,33,"033","Friesenberg","V",10986,115
2012,34,"034","Sihlfeld","V",20831,115
2012,41,"041","Werd","V",4195,86
2012,42,"042","Langstrasse","V",10560,109
2012,44,"044","Hard","V",12994,114
2012,51,"051","Gewerbeschule","V",9824,110
2012,52,"052","Escher Wyss","V",3343,69
2012,61,"061","Unterstrass","V",21442,124
2012,63,"063","Oberstrass","V",10308,103
2012,71,"071","Fluntern","V",7779,90
2012,72,"072","Hottingen","V",10447,99
2012,73,"073","Hirslanden","V",7131,82
2012,74,"074","Witikon","V",10246,101
2012,81,"081","Seefeld","V",4916,77
2012,82,"082","Mühlebach","V",5745,91
2012,83,"083","Weinegg","V",4783,81
2012,91,"091","Albisrieden","V",18999,115
2012,92,"092","Altstetten","V",31438,132
2012,101,"101","Höngg","V",21537,111
2012,102,"102","Wipkingen","V",15791,116
2012,111,"111","Affoltern","V",24855,122
2012,115,"115","Oerlikon","V",21331,129
2012,119,"119","Seebach","V",23310,126
2012,121,"121","Saatlen","V",7118,98
2012,122,"122","Schwamendingen-Mitte","V",10934,114
2012,123,"123","Hirzenbach","V",11404,111
2013,11,"011","Rathaus","V",3194,81
2013,12,"012","Hochschulen","V",665,37
2013,13,"013","Lindenhof","V",923,44
2013,14,"014","City","V",783,46
2013,21,"021","Wollishofen","V",15937,108
2013,23,"023","Leimbach","V",5730,90
2013,24,"024","Enge","V",8836,101
2013,31,"031","Alt-Wiedikon","V",16706,114
2013,33,"033","Friesenberg","V",10696,103
2013,34,"034","Sihlfeld","V",20931,114
2013,41,"041","Werd","V",4188,80
2013,42,"042","Langstrasse","V",10686,106
2013,44,"044","Hard","V",13241,116
2013,51,"051","Gewerbeschule","V",9626,106
2013,52,"052","Escher Wyss","V",4010,76
2013,61,"061","Unterstrass","V",21876,127
2013,63,"063","Oberstrass","V",10452,98
2013,71,"071","Fluntern","V",7856,89
2013,72,"072","Hottingen","V",10708,97
2013,73,"073","Hirslanden","V",7285,84
2013,74,"074","Witikon","V",10267,98
2013,81,"081","Seefeld","V",4978,82
2013,82,"082","Mühlebach","V",5912,93
2013,83,"083","Weinegg","V",5022,86
2013,91,"091","Albisrieden","V",19146,109
2013,92,"092","Altstetten","V",31115,129
2013,101,"101","Höngg","V",21581,106
2013,102,"102","Wipkingen","V",15835,117
2013,111,"111","Affoltern","V",25082,122
2013,115,"115","Oerlikon","V",21658,132
2013,119,"119","Seebach","V",24008,127
2013,121,"121","Saatlen","V",7280,102
2013,122,"122","Schwamendingen-Mitte","V",11209,113
2013,123,"123","Hirzenbach","V",11153,107
2014,11,"011","Rathaus","V",3236,82
2014,12,"012","Hochschulen","V",634,40
2014,13,"013","Lindenhof","V",955,49
2014,14,"014","City","V",791,44
2014,21,"021","Wollishofen","V",16137,105
2014,23,"023","Leimbach","V",5936,92
2014,24,"024","Enge","V",9083,99
2014,31,"031","Alt-Wiedikon","V",16918,115
2014,33,"033","Friesenberg","V",10695,98
2014,34,"034","Sihlfeld","V",21195,116
2014,41,"041","Werd","V",4428,88
2014,42,"042","Langstrasse","V",10985,109
2014,44,"044","Hard","V",13232,117
2014,51,"051","Gewerbeschule","V",9539,104
2014,52,"052","Escher Wyss","V",4604,83
2014,61,"061","Unterstrass","V",22126,122
2014,63,"063","Oberstrass","V",10556,101
2014,71,"071","Fluntern","V",7865,92
2014,72,"072","Hottingen","V",10882,100
2014,73,"073","Hirslanden","V",7403,88
2014,74,"074","Witikon","V",10406,99
2014,81,"081","Seefeld","V",5035,84
2014,82,"082","Mühlebach","V",6107,94
2014,83,"083","Weinegg","V",5036,86
2014,91,"091","Albisrieden","V",19199,112
2014,92,"092","Altstetten","V",31486,126
2014,101,"101","Höngg","V",21826,114
2014,102,"102","Wipkingen","V",15717,115
2014,111,"111","Affoltern","V",25902,123
2014,115,"115","Oerlikon","V",21895,130
2014,119,"119","Seebach","V",24431,127
2014,121,"121","Saatlen","V",7563,97
2014,122,"122","Schwamendingen-Mitte","V",11301,111
2014,123,"123","Hirzenbach","V",11679,110
2015,11,"011","Rathaus","V",3197,75
2015,12,"012","Hochschulen","V",641,42
2015,13,"013","Lindenhof","V",974,49
2015,14,"014","City","V",805,52
2015,21,"021","Wollishofen","V",16244,104
2015,23,"023","Leimbach","V",6102,95
2015,24,"024","Enge","V",9257,98
2015,31,"031","Alt-Wiedikon","V",17158,115
2015,33,"033","Friesenberg","V",10698,101
2015,34,"034","Sihlfeld","V",21339,119
2015,41,"041","Werd","V",4460,87
2015,42,"042","Langstrasse","V",11169,106
2015,44,"044","Hard","V",13072,118
2015,51,"051","Gewerbeschule","V",9608,100
2015,52,"052","Escher Wyss","V",5457,95
2015,61,"061","Unterstrass","V",22226,123
2015,63,"063","Oberstrass","V",10641,98
2015,71,"071","Fluntern","V",7953,97
2015,72,"072","Hottingen","V",11081,101
2015,73,"073","Hirslanden","V",7380,85
2015,74,"074","Witikon","V",10639,100
2015,81,"081","Seefeld","V",4990,83
2015,82,"082","Mühlebach","V",6116,92
2015,83,"083","Weinegg","V",5086,92
2015,91,"091","Albisrieden","V",19325,114
2015,92,"092","Altstetten","V",32003,126
2015,101,"101","Höngg","V",22320,111
2015,102,"102","Wipkingen","V",15879,116
2015,111,"111","Affoltern","V",25874,125
2015,115,"115","Oerlikon","V",21966,124
2015,119,"119","Seebach","V",24991,129
2015,121,"121","Saatlen","V",8508,104
2015,122,"122","Schwamendingen-Mitte","V",11315,111
2015,123,"123","Hirzenbach","V",11930,109
2016,11,"011","Rathaus","V",3226,73
2016,12,"012","Hochschulen","V",640,36
2016,13,"013","Lindenhof","V",972,45
2016,14,"014","City","V",810,54
2016,21,"021","Wollishofen","V",16567,106
2016,23,"023","Leimbach","V",6173,96
2016,24,"024","Enge","V",9422,100
2016,31,"031","Alt-Wiedikon","V",17321,116
2016,33,"033","Friesenberg","V",11002,98
2016,34,"034","Sihlfeld","V",21177,111
2016,41,"041","Werd","V",4594,90
2016,42,"042","Langstrasse","V",11145,110
2016,44,"044","Hard","V",12891,114
2016,51,"051","Gewerbeschule","V",9598,102
2016,52,"052","Escher Wyss","V",5825,97
2016,61,"061","Unterstrass","V",22476,133
2016,63,"063","Oberstrass","V",10794,99
2016,71,"071","Fluntern","V",8038,95
2016,72,"072","Hottingen","V",11113,104
2016,73,"073","Hirslanden","V",7321,86
2016,74,"074","Witikon","V",10667,97
2016,81,"081","Seefeld","V",5046,85
2016,82,"082","Mühlebach","V",6137,89
2016,83,"083","Weinegg","V",5030,89
2016,91,"091","Albisrieden","V",21174,116
2016,92,"092","Altstetten","V",31724,124
2016,101,"101","Höngg","V",23423,117
2016,102,"102","Wipkingen","V",16141,114
2016,111,"111","Affoltern","V",26054,122
2016,115,"115","Oerlikon","V",22161,122
2016,119,"119","Seebach","V",25198,124
2016,121,"121","Saatlen","V",8283,101
2016,122,"122","Schwamendingen-Mitte","V",11076,115
2016,123,"123","Hirzenbach","V",12463,116
2017,11,"011","Rathaus","V",3266,79
2017,12,"012","Hochschulen","V",677,37
2017,13,"013","Lindenhof","V",955,45
2017,14,"014","City","V",830,55
2017,21,"021","Wollishofen","V",17892,112
2017,23,"023","Leimbach","V",6212,99
2017,24,"024","Enge","V",9489,96
2017,31,"031","Alt-Wiedikon","V",17522,113
2017,33,"033","Friesenberg","V",10860,94
2017,34,"034","Sihlfeld","V",21660,117
2017,41,"041","Werd","V",4574,90
2017,42,"042","Langstrasse","V",11144,109
2017,44,"044","Hard","V",13057,113
2017,51,"051","Gewerbeschule","V",9578,105
2017,52,"052","Escher Wyss","V",6088,98
2017,61,"061","Unterstrass","V",22768,129
2017,63,"063","Oberstrass","V",10846,106
2017,71,"071","Fluntern","V",8221,89
2017,72,"072","Hottingen","V",11172,101
2017,73,"073","Hirslanden","V",7465,83
2017,74,"074","Witikon","V",10600,95
2017,81,"081","Seefeld","V",5129,88
2017,82,"082","Mühlebach","V",6164,87
2017,83,"083","Weinegg","V",5248,89
2017,91,"091","Albisrieden","V",22113,118
2017,92,"092","Altstetten","V",32603,132
2017,101,"101","Höngg","V",23797,118
2017,102,"102","Wipkingen","V",16544,121
2017,111,"111","Affoltern","V",26177,122
2017,115,"115","Oerlikon","V",22815,126
2017,119,"119","Seebach","V",25817,125
2017,121,"121","Saatlen","V",8388,107
2017,122,"122","Schwamendingen-Mitte","V",11012,113
2017,123,"123","Hirzenbach","V",12627,114
2018,11,"011","Rathaus","V",3267,79
2018,12,"012","Hochschulen","V",664,44
2018,13,"013","Lindenhof","V",990,47
2018,14,"014","City","V",829,53
2018,21,"021","Wollishofen","V",18923,113
2018,23,"023","Leimbach","V",6320,101
2018,24,"024","Enge","V",9634,97
2018,31,"031","Alt-Wiedikon","V",17956,114
2018,33,"033","Friesenberg","V",10933,97
2018,34,"034","Sihlfeld","V",21680,119
2018,41,"041","Werd","V",4455,88
2018,42,"042","Langstrasse","V",11111,114
2018,44,"044","Hard","V",13163,116
2018,51,"051","Gewerbeschule","V",9513,107
2018,52,"052","Escher Wyss","V",6066,96
2018,61,"061","Unterstrass","V",23394,125
2018,63,"063","Oberstrass","V",10927,102
2018,71,"071","Fluntern","V",8485,93
2018,72,"072","Hottingen","V",11265,103
2018,73,"073","Hirslanden","V",7488,90
2018,74,"074","Witikon","V",10953,100
2018,81,"081","Seefeld","V",5253,83
2018,82,"082","Mühlebach","V",6315,90
2018,83,"083","Weinegg","V",5220,89
2018,91,"091","Albisrieden","V",22304,117
2018,92,"092","Altstetten","V",33461,124
2018,101,"101","Höngg","V",24020,119
2018,102,"102","Wipkingen","V",16321,116
2018,111,"111","Affoltern","V",26562,122
2018,115,"115","Oerlikon","V",23214,121
2018,119,"119","Seebach","V",25568,128
2018,121,"121","Saatlen","V",8582,102
2018,122,"122","Schwamendingen-Mitte","V",11100,113
2018,123,"123","Hirzenbach","V",12801,116
2019,11,"011","Rathaus","V",3307,77
2019,12,"012","Hochschulen","V",678,46
2019,13,"013","Lindenhof","V",1009,54
2019,14,"014","City","V",797,52
2019,21,"021","Wollishofen","V",19225,113
2019,23,"023","Leimbach","V",6152,100
2019,24,"024","Enge","V",9658,96
2019,31,"031","Alt-Wiedikon","V",17874,113
2019,33,"033","Friesenberg","V",11107,101
2019,34,"034","Sihlfeld","V",22141,120
2019,41,"041","Werd","V",4455,90
2019,42,"042","Langstrasse","V",11853,113
2019,44,"044","Hard","V",13060,113
2019,51,"051","Gewerbeschule","V",9562,108
2019,52,"052","Escher Wyss","V",6188,100
2019,61,"061","Unterstrass","V",23971,123
2019,63,"063","Oberstrass","V",10823,99
2019,71,"071","Fluntern","V",8639,92
2019,72,"072","Hottingen","V",11388,103
2019,73,"073","Hirslanden","V",7503,95
2019,74,"074","Witikon","V",11054,100
2019,81,"081","Seefeld","V",5319,84
2019,82,"082","Mühlebach","V",6327,89
2019,83,"083","Weinegg","V",5414,94
2019,91,"091","Albisrieden","V",22352,118
2019,92,"092","Altstetten","V",34285,128
2019,101,"101","Höngg","V",24358,121
2019,102,"102","Wipkingen","V",16474,116
2019,111,"111","Affoltern","V",26710,123
2019,115,"115","Oerlikon","V",23288,129
2019,119,"119","Seebach","V",25806,124
2019,121,"121","Saatlen","V",8841,102
2019,122,"122","Schwamendingen-Mitte","V",11261,114
2019,123,"123","Hirzenbach","V",13129,120
2020,11,"011","Rathaus","V",3317,79
2020,12,"012","Hochschulen","V",675,42
2020,13,"013","Lindenhof","V",1010,52
2020,14,"014","City","V",829,51
2020,21,"021","Wollishofen","V",19757,120
2020,23,"023","Leimbach","V",6140,101
2020,24,"024","Enge","V",9655,97
2020,31,"031","Alt-Wiedikon","V",17764,114
2020,33,"033","Friesenberg","V",11071,106
2020,34,"034","Sihlfeld","V",21921,116
2020,41,"041","Werd","V",4570,83
2020,42,"042","Langstrasse","V",11910,115
2020,44,"044","Hard","V",12554,108
2020,51,"051","Gewerbeschule","V",9424,110
2020,52,"052","Escher Wyss","V",6198,100
2020,61,"061","Unterstrass","V",24493,125
2020,63,"063","Oberstrass","V",10824,95
2020,71,"071","Fluntern","V",8685,89
2020,72,"072","Hottingen","V",11304,98
2020,73,"073","Hirslanden","V",7396,92
2020,74,"074","Witikon","V",11244,102
2020,81,"081","Seefeld","V",5480,82
2020,82,"082","Mühlebach","V",6414,87
2020,83,"083","Weinegg","V",5562,94
2020,91,"091","Albisrieden","V",22364,118
2020,92,"092","Altstetten","V",34098,129
2020,101,"101","Höngg","V",24439,122
2020,102,"102","Wipkingen","V",16605,119
2020,111,"111","Affoltern","V",26584,122
2020,115,"115","Oerlikon","V",23548,126
2020,119,"119","Seebach","V",26056,124
2020,121,"121","Saatlen","V",8799,101
2020,122,"122","Schwamendingen-Mitte","V",11083,118
2020,123,"123","Hirzenbach","V",12963,122
2021,11,"011","Rathaus","V",3275,82
2021,12,"012","Hochschulen","V",701,44
2021,13,"013","Lindenhof","V",1024,50
2021,14,"014","City","V",817,50
2021,21,"021","Wollishofen","V",19937,123
2021,23,"023","Leimbach","V",6338,103
2021,24,"024","Enge","V",9750,93
2021,31,"031","Alt-Wiedikon","V",17631,111
2021,33,"033","Friesenberg","V",10957,105
2021,34,"034","Sihlfeld","V",21516,119
2021,41,"041","Werd","V",4574,84
2021,42,"042","Langstrasse","V",11815,114
2021,44,"044","Hard","V",12634,112
2021,51,"051","Gewerbeschule","V",9583,113
2021,52,"052","Escher Wyss","V",6221,101
2021,61,"061","Unterstrass","V",24489,122
2021,63,"063","Oberstrass","V",10866,93
2021,71,"071","Fluntern","V",8777,98
2021,72,"072","Hottingen","V",11293,99
2021,73,"073","Hirslanden","V",7338,91
2021,74,"074","Witikon","V",11255,99
2021,81,"081","Seefeld","V",5862,85
2021,82,"082","Mühlebach","V",6408,89
2021,83,"083","Weinegg","V",5548,97
2021,91,"091","Albisrieden","V",22412,115
2021,92,"092","Altstetten","V",34665,131
2021,101,"101","Höngg","V",24510,120
2021,102,"102","Wipkingen","V",16507,118
2021,111,"111","Affoltern","V",26554,121
2021,115,"115","Oerlikon","V",23880,134
2021,119,"119","Seebach","V",26541,125
2021,121,"121","Saatlen","V",8788,104
2021,122,"122","Schwamendingen-Mitte","V",10975,119
2021,123,"123","Hirzenbach","V",12891,119
2022,11,"011","Rathaus","V",3330,81
2022,12,"012","Hochschulen","V",676,45
2022,13,"013","Lindenhof","V",1034,47
2022,14,"014","City","V",820,52
2022,21,"021","Wollishofen","V",20570,122
2022,23,"023","Leimbach","V",6462,106
2022,24,"024","Enge","V",10017,91
2022,31,"031","Alt-Wiedikon","V",18079,115
2022,33,"033","Friesenberg","V",10861,103
2022,34,"034","Sihlfeld","V",21642,121
2022,41,"041","Werd","V",4515,86
2022,42,"042","Langstrasse","V",11977,117
2022,44,"044","Hard","V",13180,114
2022,51,"051","Gewerbeschule","V",9663,112
2022,52,"052","Escher Wyss","V",6225,97
2022,61,"061","Unterstrass","V",24953,124
2022,63,"063","Oberstrass","V",10909,105
2022,71,"071","Fluntern","V",8946,93
2022,72,"072","Hottingen","V",11422,104
2022,73,"073","Hirslanden","V",7531,86
2022,74,"074","Witikon","V",11402,97
2022,81,"081","Seefeld","V",5815,89
2022,82,"082","Mühlebach","V",6440,91
2022,83,"083","Weinegg","V",5559,96
2022,91,"091","Albisrieden","V",22875,114
2022,92,"092","Altstetten","V",35642,136
2022,101,"101","Höngg","V",24807,123
2022,102,"102","Wipkingen","V",16698,119
2022,111,"111","Affoltern","V",26935,120
2022,115,"115","Oerlikon","V",24119,137
2022,119,"119","Seebach","V",26980,125
2022,121,"121","Saatlen","V",8826,103
2022,122,"122","Schwamendingen-Mitte","V",11207,120
2022,123,"123","Hirzenbach","V",12920,119
2023,11,"011","Rathaus","D",3343,82
2023,12,"012","Hochschulen","D",695,46
2023,13,"013","Lindenhof","D",1046,49
2023,14,"014","City","D",806,55
2023,21,"021","Wollishofen","D",21181,125
2023,23,"023","Leimbach","D",6423,100
2023,24,"024","Enge","D",10035,91
2023,31,"031","Alt-Wiedikon","D",18115,112
2023,33,"033","Friesenberg","D",11082,108
2023,34,"034","Sihlfeld","D",21753,118
2023,41,"041","Werd","D",4650,87
2023,42,"042","Langstrasse","D",11982,114
2023,44,"044","Hard","D",13312,114
2023,51,"051","Gewerbeschule","D",9689,106
2023,52,"052","Escher Wyss","D",6185,97
2023,61,"061","Unterstrass","D",24801,123
2023,63,"063","Oberstrass","D",10887,100
2023,71,"071","Fluntern","D",8783,94
2023,72,"072","Hottingen","D",11489,106
2023,73,"073","Hirslanden","D",7685,92
2023,74,"074","Witikon","D",11690,100
2023,81,"081","Seefeld","D",5777,90
2023,82,"082","Mühlebach","D",6494,91
2023,83,"083","Weinegg","D",5589,96
2023,91,"091","Albisrieden","D",23526,117
2023,92,"092","Altstetten","D",36315,135
2023,101,"101","Höngg","D",24674,119
2023,102,"102","Wipkingen","D",16737,115
2023,111,"111","Affoltern","D",27165,122
2023,115,"115","Oerlikon","D",23959,133
2023,119,"119","Seebach","D",27677,132
2023,121,"121","Saatlen","D",8865,101
2023,122,"122","Schwamendingen-Mitte","D",11421,120
2023,123,"123","Hirzenbach","D",13251,122
